{"name":"BB84","f":[[0.5,0.5],[[1,2],[3,4]]],"povms":[[[0.0,0.0],[0.7071067811865475,0.0]],[[0.7071067811865475,0.0],[0.0,0.0]],[[0.5,0.0],[-0.5,0.0]],[[0.5,0.0],[0.5,0.0]]],"qa":[0.25,0.25,0.25,0.25],"rhos":[[[1.0,0.0],[0.0,0.0]],[[0.0,0.0],[1.0,0.0]],[[0.7071067811865475,0.0],[0.7071067811865475,0.0]],[[0.7071067811865475,0.0],[-0.7071067811865475,0.0]]]}